{"cameraMode":{"drawMode":0,"name":"Shaded","section":"Shading Mode"},"sceneLighting":false,"audioPlay":false,"sceneViewState":{"showFog":true,"showMaterialUpdate":false,"showSkybox":false,"showFlares":true,"showImageEffects":true,"showParticleSystems":true},"in2DMode":false,"pivot":{"x":0.7851636409759522,"y":0.22319412231445313,"z":0.4406011700630188},"rotation":{"x":0.1775345653295517,"y":0.7314854860305786,"z":-0.2078833431005478,"w":0.6246675848960877},"size":2.5664069652557375,"orthographic":false}