{"cameraMode":{"drawMode":0,"name":"Shaded","section":"Shading Mode"},"sceneLighting":false,"audioPlay":false,"sceneViewState":{"showFog":true,"showMaterialUpdate":false,"showSkybox":false,"showFlares":true,"showImageEffects":true,"showParticleSystems":true},"in2DMode":false,"pivot":{"x":1.185546875,"y":1.1177978515625,"z":0.067138671875},"rotation":{"x":0.2747178375720978,"y":-0.32480067014694216,"z":0.0991983413696289,"w":0.8995603919029236},"size":1.6068919897079468,"orthographic":true}