{"cameraMode":{"drawMode":0,"name":"Shaded","section":"Shading Mode"},"sceneLighting":false,"audioPlay":false,"sceneViewState":{"showFog":true,"showMaterialUpdate":false,"showSkybox":false,"showFlares":true,"showImageEffects":true,"showParticleSystems":true},"in2DMode":false,"pivot":{"x":-0.06308101862668991,"y":-0.06718750298023224,"z":1.6194512844085694},"rotation":{"x":0.012587095610797406,"y":0.8693717122077942,"z":-0.022173786535859109,"w":0.49350255727767947},"size":8.87298583984375,"orthographic":true}